{"cameraMode":{"drawMode":0,"name":"Shaded","section":"Shading Mode"},"sceneLighting":true,"audioPlay":false,"sceneViewState":{"m_AlwaysRefresh":false,"showFog":true,"showSkybox":true,"showFlares":true,"showImageEffects":true,"showParticleSystems":true,"showVisualEffectGraphs":true,"m_FxEnabled":true},"in2DMode":false,"pivot":{"x":-0.03306698799133301,"y":0.2221468687057495,"z":1.4867831468582154},"rotation":{"x":0.23206403851509095,"y":-0.7467252016067505,"z":0.32623741030693056,"w":0.5311779379844666},"size":1.1839981079101563,"orthographic":false}