{"cameraMode":{"drawMode":0,"name":"Shaded","section":"Shading Mode"},"sceneLighting":true,"audioPlay":false,"sceneViewState":{"m_AlwaysRefresh":false,"showFog":true,"showSkybox":true,"showFlares":true,"showImageEffects":true,"showParticleSystems":true,"showVisualEffectGraphs":true,"m_FxEnabled":true},"in2DMode":false,"pivot":{"x":-0.5523703694343567,"y":2.6370983123779299,"z":0.2746267318725586},"rotation":{"x":0.09957002103328705,"y":0.05668617784976959,"z":-0.00568110216408968,"w":0.9934051632881165},"size":2.762571334838867,"orthographic":false}